club,played,win,draw,loss,goals_for,goals_against,shots,shots_on_goal
Portland Thorns FC,23,13,4,6,33,17,324,140
OL Reign,23,12,3,8,34,24,290,132
Washington Spirit,23,10,6,7,28,26,231,109
Chicago Red Stars,23,10,5,8,27,28,231,109
NJ/NY Gotham FC,21,8,8,5,26,18,197,73
Houston Dash,23,9,5,9,31,30,213,94
North Carolina Courage,23,9,5,9,28,23,246,118
Orlando Pride,23,7,7,9,27,31,197,97
Racing Louisville FC,22,5,5,12,19,38,143,61
Kansas City,22,3,6,13,14,32,224,95